% Model:              1D_grating.mph
% Version:            COMSOL 6.3.0.420
% Date:               Apr 27 2026, 05:09
% Table:              Table 4 - Global Evaluation 1
% lambda0 (µm)                                    Reflectance, order 0 (1)                          Reflectance, order 0 (1)                          Reflectance, order 0 (1)                          Reflectance, order 0 (1)                          Reflectance, order 0 (1)                          Reflectance, order 0 (1)
9.9010                                            0.0041694                                         0.0038774                                         0.0038513                                         0.0039284                                         0.0035445                                         0.0027932
9.9060                                            0.0037705                                         0.0037100                                         0.0037934                                         0.0036790                                         0.0031043                                         0.0025714
9.9110                                            0.0035844                                         0.0036409                                         0.0036298                                         0.0032822                                         0.0027334                                         0.0024624
9.9160                                            0.0035027                                         0.0035105                                         0.0033056                                         0.0028544                                         0.0025041                                         0.0023672
9.9210                                            0.0033698                                         0.0032311                                         0.0028873                                         0.0025172                                         0.0023828                                         0.0021997
9.9260                                            0.0030968                                         0.0028360                                         0.0024996                                         0.0023146                                         0.0022728                                         0.0019466
9.9310                                            0.0027120                                         0.0024382                                         0.0022298                                         0.0021950                                         0.0020944                                         0.0016647
9.9360                                            0.0023204                                         0.0021362                                         0.0020718                                         0.0020641                                         0.0018379                                         0.0014251
9.9410                                            0.0020204                                         0.0019510                                         0.0019501                                         0.0018631                                         0.0015604                                         0.0012608
9.9460                                            0.0018304                                         0.0018220                                         0.0017851                                         0.0016017                                         0.0013266                                         0.0011471
9.9510                                            0.0016974                                         0.0016715                                         0.0015562                                         0.0013421                                         0.0011644                                         0.0010368
9.9560                                            0.0015455                                         0.0014617                                         0.0012999                                         0.0011350                                         0.0010468                                         8.9879E-4
9.9610                                            0.0013430                                         0.0012200                                         0.0010765                                         9.9156E-4                                         9.3164E-4                                         7.4258E-4
9.9660                                            0.0011101                                         9.9603E-4                                         9.1143E-4                                         8.7816E-4                                         7.9353E-4                                         5.9574E-4
9.9710                                            8.9914E-4                                         8.2735E-4                                         7.9301E-4                                         7.6093E-4                                         6.4522E-4                                         4.8280E-4
9.9760                                            7.3768E-4                                         7.0576E-4                                         6.8512E-4                                         6.2732E-4                                         5.1112E-4                                         4.0145E-4
9.9810                                            6.2333E-4                                         6.0486E-4                                         5.6963E-4                                         4.9614E-4                                         4.1083E-4                                         3.3837E-4
9.9860                                            5.2823E-4                                         5.0129E-4                                         4.5054E-4                                         3.8752E-4                                         3.4016E-4                                         2.8075E-4
9.9910                                            4.3548E-4                                         3.9777E-4                                         3.4882E-4                                         3.1188E-4                                         2.8772E-4                                         2.2983E-4
9.9960                                            3.4566E-4                                         3.0867E-4                                         2.7638E-4                                         2.6239E-4                                         2.4472E-4                                         1.9282E-4
10.001                                            2.7367E-4                                         2.4825E-4                                         2.3424E-4                                         2.3048E-4                                         2.1302E-4                                         1.7711E-4
10.006                                            2.3015E-4                                         2.1864E-4                                         2.1532E-4                                         2.1207E-4                                         1.9854E-4                                         1.8534E-4
10.011                                            2.1852E-4                                         2.1614E-4                                         2.1468E-4                                         2.0945E-4                                         2.0746E-4                                         2.1694E-4
10.016                                            2.3633E-4                                         2.3610E-4                                         2.3120E-4                                         2.2783E-4                                         2.4421E-4                                         2.6900E-4
10.021                                            2.7932E-4                                         2.7530E-4                                         2.6738E-4                                         2.7398E-4                                         3.0938E-4                                         3.3644E-4
10.026                                            3.4321E-4                                         3.3437E-4                                         3.3085E-4                                         3.5421E-4                                         3.9821E-4                                         4.1911E-4
10.031                                            4.2720E-4                                         4.2074E-4                                         4.3142E-4                                         4.6693E-4                                         5.0259E-4                                         5.2598E-4
10.036                                            5.4132E-4                                         5.4816E-4                                         5.7272E-4                                         6.0182E-4                                         6.2385E-4                                         6.7122E-4
10.041                                            7.0242E-4                                         7.2318E-4                                         7.4367E-4                                         7.5041E-4                                         7.7798E-4                                         8.5660E-4
10.046                                            9.1721E-4                                         9.3377E-4                                         9.2886E-4                                         9.2329E-4                                         9.8279E-4                                         0.0010648
10.051                                            0.0011692                                         0.0011594                                         0.0011324                                         0.0011472                                         0.0012342                                         0.0012790
10.056                                            0.0014329                                         0.0013995                                         0.0013837                                         0.0014345                                         0.0015041                                         0.0015097
10.061                                            0.0017134                                         0.0016898                                         0.0017110                                         0.0017633                                         0.0017772                                         0.0017948
10.066                                            0.0020523                                         0.0020645                                         0.0020975                                         0.0020959                                         0.0020793                                         0.0021510
10.071                                            0.0024908                                         0.0025147                                         0.0024994                                         0.0024389                                         0.0024605                                         0.0025497
10.076                                            0.0030046                                         0.0029817                                         0.0028972                                         0.0028443                                         0.0029241                                         0.0029424
10.081                                            0.0035334                                         0.0034435                                         0.0033480                                         0.0033597                                         0.0034207                                         0.0033425
10.086                                            0.0040505                                         0.0039504                                         0.0039140                                         0.0039457                                         0.0039011                                         0.0038124
10.091                                            0.0046352                                         0.0045917                                         0.0045912                                         0.0045345                                         0.0044120                                         0.0043962
10.096                                            0.0053670                                         0.0053556                                         0.0052831                                         0.0051131                                         0.0050323                                         0.0050325
10.101                                            0.0062361                                         0.0061545                                         0.0059598                                         0.0057847                                         0.0057827                                         0.0056576
10.106                                            0.0071139                                         0.0069205                                         0.0066967                                         0.0066096                                         0.0065599                                         0.0062875
10.111                                            0.0079743                                         0.0077594                                         0.0076173                                         0.0075392                                         0.0073195                                         0.0070400
10.116                                            0.0089213                                         0.0087831                                         0.0086717                                         0.0084447                                         0.0081294                                         0.0079267
10.121                                            0.010103                                          0.0099859                                         0.0097445                                         0.0093694                                         0.0091224                                         0.0088640
10.126                                            0.011433                                          0.011190                                          0.010792                                          0.010441                                          0.010241                                          0.0097672
10.131                                            0.012773                                          0.012391                                          0.011998                                          0.011733                                          0.011376                                          0.010758
10.136                                            0.014103                                          0.013734                                          0.013431                                          0.013074                                          0.012502                                          0.011920
10.141                                            0.015664                                          0.015370                                          0.015001                                          0.014415                                          0.013811                                          0.013216
10.146                                            0.017491                                          0.017118                                          0.016534                                          0.015858                                          0.015317                                          0.014490
10.151                                            0.019454                                          0.018881                                          0.018191                                          0.017590                                          0.016917                                          0.015842
10.156                                            0.021386                                          0.020736                                          0.020111                                          0.019454                                          0.018501                                          0.017381
10.161                                            0.023546                                          0.022952                                          0.022283                                          0.021361                                          0.020287                                          0.019113
10.166                                            0.026038                                          0.025371                                          0.024456                                          0.023369                                          0.022308                                          0.020847
10.171                                            0.028787                                          0.027884                                          0.026797                                          0.025727                                          0.024485                                          0.022714
10.176                                            0.031551                                          0.030518                                          0.029440                                          0.028255                                          0.026685                                          0.024791
10.181                                            0.034640                                          0.033603                                          0.032414                                          0.030910                                          0.029176                                          0.027094
10.186                                            0.038111                                          0.036927                                          0.035443                                          0.033745                                          0.031913                                          0.029430
10.191                                            0.041930                                          0.040468                                          0.038799                                          0.037019                                          0.034858                                          0.032027
10.196                                            0.045874                                          0.044266                                          0.042516                                          0.040462                                          0.037928                                          0.034853
10.201                                            0.050367                                          0.048647                                          0.046628                                          0.044201                                          0.041437                                          0.037929
10.206                                            0.055277                                          0.053271                                          0.050919                                          0.048272                                          0.045169                                          0.041138
10.211                                            0.060671                                          0.058375                                          0.055814                                          0.052868                                          0.049254                                          0.044776
10.216                                            0.066441                                          0.063948                                          0.061099                                          0.057691                                          0.053651                                          0.048612
10.221                                            0.073060                                          0.070246                                          0.066965                                          0.063152                                          0.058622                                          0.052856
10.226                                            0.080132                                          0.076942                                          0.073302                                          0.069054                                          0.063870                                          0.057400
10.231                                            0.088130                                          0.084608                                          0.080540                                          0.075687                                          0.069835                                          0.062507
10.236                                            0.096843                                          0.092904                                          0.088294                                          0.082845                                          0.076245                                          0.067915
10.241                                            0.10679                                           0.10236                                           0.097200                                          0.091055                                          0.083524                                          0.074081
10.246                                            0.11759                                           0.11268                                           0.10688                                           0.099911                                          0.091390                                          0.080650
10.251                                            0.13010                                           0.12461                                           0.11805                                           0.11016                                           0.10044                                           0.088171
10.256                                            0.14378                                           0.13767                                           0.13028                                           0.12134                                           0.11026                                           0.096252
10.261                                            0.15978                                           0.15295                                           0.14458                                           0.13438                                           0.12170                                           0.10558
10.266                                            0.17749                                           0.16985                                           0.16037                                           0.14876                                           0.13420                                           0.11566
10.271                                            0.19844                                           0.18980                                           0.17901                                           0.16568                                           0.14887                                           0.12735
10.276                                            0.22199                                           0.21212                                           0.19982                                           0.18451                                           0.16505                                           0.14003
10.281                                            0.24991                                           0.23844                                           0.22431                                           0.20657                                           0.18381                                           0.15442
10.286                                            0.28156                                           0.26812                                           0.25186                                           0.23123                                           0.20449                                           0.16985
10.291                                            0.31758                                           0.30172                                           0.28282                                           0.25852                                           0.22668                                           0.18543
10.296                                            0.35778                                           0.33906                                           0.31693                                           0.28805                                           0.24979                                           0.20057
10.301                                            0.39856                                           0.37636                                           0.35007                                           0.31520                                           0.26865                                           0.21024
10.306                                            0.44068                                           0.41423                                           0.38254                                           0.33986                                           0.28290                                           0.21533
10.311                                            0.47723                                           0.44546                                           0.40668                                           0.35398                                           0.28524                                           0.21271
10.316                                            0.50910                                           0.47057                                           0.42260                                           0.35770                                           0.27797                                           0.20879
10.321                                            0.53297                                           0.48588                                           0.42647                                           0.34873                                           0.26408                                           0.20940
10.326                                            0.54856                                           0.49102                                           0.41870                                           0.33098                                           0.25201                                           0.21790
10.331                                            0.55584                                           0.48665                                           0.40248                                           0.31309                                           0.25074                                           0.23626
10.336                                            0.55313                                           0.47420                                           0.38375                                           0.30396                                           0.26265                                           0.26243
10.341                                            0.55225                                           0.46113                                           0.37402                                           0.31156                                           0.28810                                           0.29582
10.346                                            0.54785                                           0.45540                                           0.38063                                           0.33627                                           0.32474                                           0.33576
10.351                                            0.55113                                           0.46547                                           0.40529                                           0.37389                                           0.36819                                           0.37915
10.356                                            0.56762                                           0.49308                                           0.44538                                           0.42150                                           0.41733                                           0.42601
10.361                                            0.59449                                           0.53011                                           0.49076                                           0.47053                                           0.46586                                           0.47160
10.366                                            0.62734                                           0.57121                                           0.53693                                           0.51776                                           0.51114                                           0.51335
10.371                                            0.65965                                           0.61009                                           0.57954                                           0.56101                                           0.55274                                           0.55202
10.376                                            0.68734                                           0.64263                                           0.61448                                           0.59605                                           0.58612                                           0.58281
10.381                                            0.71186                                           0.67138                                           0.64548                                           0.62748                                           0.61649                                           0.61128
10.386                                            0.73094                                           0.69360                                           0.66929                                           0.65159                                           0.63977                                           0.63305
10.391                                            0.74791                                           0.71339                                           0.69063                                           0.67348                                           0.66121                                           0.65344
10.396                                            0.76116                                           0.72875                                           0.70708                                           0.69035                                           0.67776                                           0.66917
10.401                                            0.77325                                           0.74276                                           0.72214                                           0.70596                                           0.69325                                           0.68412
10.406                                            0.78290                                           0.75388                                           0.73398                                           0.71822                                           0.70543                                           0.69589
10.411                                            0.79183                                           0.76415                                           0.74490                                           0.72961                                           0.71684                                           0.70705
10.416                                            0.79925                                           0.77264                                           0.75385                                           0.73892                                           0.72620                                           0.71622
10.421                                            0.80610                                           0.78044                                           0.76205                                           0.74749                                           0.73485                                           0.72478
10.426                                            0.81195                                           0.78707                                           0.76895                                           0.75470                                           0.74214                                           0.73202
10.431                                            0.81731                                           0.79312                                           0.77523                                           0.76126                                           0.74881                                           0.73868
10.436                                            0.82197                                           0.79834                                           0.78061                                           0.76688                                           0.75453                                           0.74442
10.441                                            0.82618                                           0.80303                                           0.78543                                           0.77191                                           0.75967                                           0.74961
10.446                                            0.82985                                           0.80710                                           0.78959                                           0.77625                                           0.76411                                           0.75412
10.451                                            0.83307                                           0.81064                                           0.79322                                           0.78003                                           0.76800                                           0.75809
10.456                                            0.83583                                           0.81366                                           0.79631                                           0.78325                                           0.77132                                           0.76151
10.461                                            0.83812                                           0.81613                                           0.79887                                           0.78590                                           0.77407                                           0.76437
10.466                                            0.83996                                           0.81810                                           0.80092                                           0.78804                                           0.77631                                           0.76672
10.471                                            0.84126                                           0.81946                                           0.80240                                           0.78958                                           0.77794                                           0.76846
10.476                                            0.84204                                           0.82026                                           0.80333                                           0.79055                                           0.77900                                           0.76964
10.481                                            0.84214                                           0.82033                                           0.80356                                           0.79081                                           0.77934                                           0.77011
10.486                                            0.84154                                           0.81966                                           0.80309                                           0.79036                                           0.77898                                           0.76987
10.491                                            0.84002                                           0.81806                                           0.80171                                           0.78899                                           0.77768                                           0.76870
10.496                                            0.83746                                           0.81543                                           0.79936                                           0.78663                                           0.77542                                           0.76657
10.501                                            0.83366                                           0.81157                                           0.79582                                           0.78311                                           0.77199                                           0.76328
10.506                                            0.82844                                           0.80636                                           0.79099                                           0.77832                                           0.76733                                           0.75878
10.511                                            0.82164                                           0.79966                                           0.78472                                           0.77212                                           0.76130                                           0.75296
10.516                                            0.81301                                           0.79122                                           0.77676                                           0.76431                                           0.75372                                           0.74564
10.521                                            0.80228                                           0.78075                                           0.76682                                           0.75459                                           0.74430                                           0.73655
10.526                                            0.78894                                           0.76773                                           0.75432                                           0.74239                                           0.73247                                           0.72513
10.531                                            0.77267                                           0.75182                                           0.73892                                           0.72732                                           0.71781                                           0.71091
10.536                                            0.75341                                           0.73302                                           0.72056                                           0.70931                                           0.70024                                           0.69379
10.541                                            0.73181                                           0.71198                                           0.69991                                           0.68901                                           0.68036                                           0.67434
10.546                                            0.70915                                           0.69003                                           0.67826                                           0.66770                                           0.65943                                           0.65382
10.551                                            0.68783                                           0.66947                                           0.65791                                           0.64767                                           0.63972                                           0.63442
10.556                                            0.67096                                           0.65326                                           0.64176                                           0.63170                                           0.62394                                           0.61882
10.561                                            0.65953                                           0.64220                                           0.63053                                           0.62049                                           0.61271                                           0.60756
10.566                                            0.65188                                           0.63445                                           0.62234                                           0.61203                                           0.60397                                           0.59850
10.571                                            0.64601                                           0.62780                                           0.61484                                           0.60385                                           0.59507                                           0.58888
10.576                                            0.64190                                           0.62196                                           0.60756                                           0.59526                                           0.58515                                           0.57764
10.581                                            0.64067                                           0.61783                                           0.60128                                           0.58692                                           0.57478                                           0.56525
10.586                                            0.64438                                           0.61754                                           0.59819                                           0.58119                                           0.56649                                           0.55448
10.591                                            0.65482                                           0.62312                                           0.60051                                           0.58059                                           0.56319                                           0.54864
10.596                                            0.67205                                           0.63539                                           0.60926                                           0.58657                                           0.56679                                           0.55010
10.601                                            0.69466                                           0.65383                                           0.62408                                           0.59906                                           0.57749                                           0.55937
10.606                                            0.72032                                           0.67695                                           0.64372                                           0.61706                                           0.59448                                           0.57576
10.611                                            0.74636                                           0.70250                                           0.66620                                           0.63868                                           0.61588                                           0.59738
10.616                                            0.76997                                           0.72741                                           0.68871                                           0.66095                                           0.63847                                           0.62067
10.621                                            0.78919                                           0.74891                                           0.70854                                           0.68089                                           0.65892                                           0.64192
10.626                                            0.80362                                           0.76574                                           0.72435                                           0.69694                                           0.67543                                           0.65915
10.631                                            0.81399                                           0.77810                                           0.73625                                           0.70909                                           0.68795                                           0.67226
10.636                                            0.82207                                           0.78761                                           0.74576                                           0.71885                                           0.69805                                           0.68287
10.641                                            0.82936                                           0.79577                                           0.75428                                           0.72766                                           0.70717                                           0.69245
10.646                                            0.83672                                           0.80342                                           0.76256                                           0.73620                                           0.71596                                           0.70162
10.651                                            0.84384                                           0.81024                                           0.77018                                           0.74395                                           0.72381                                           0.70970
10.656                                            0.85011                                           0.81559                                           0.77642                                           0.75012                                           0.72986                                           0.71576
10.661                                            0.85499                                           0.81895                                           0.78068                                           0.75403                                           0.73339                                           0.71905
10.666                                            0.85837                                           0.82031                                           0.78283                                           0.75551                                           0.73416                                           0.71929
10.671                                            0.86033                                           0.81999                                           0.78292                                           0.75456                                           0.73211                                           0.71634
10.676                                            0.86104                                           0.81854                                           0.78105                                           0.75119                                           0.72718                                           0.71008
10.681                                            0.86061                                           0.81663                                           0.77726                                           0.74534                                           0.71917                                           0.70015
10.686                                            0.85912                                           0.81475                                           0.77146                                           0.73680                                           0.70770                                           0.68605
10.691                                            0.85659                                           0.81299                                           0.76349                                           0.72516                                           0.69213                                           0.66690
10.696                                            0.85298                                           0.81072                                           0.75304                                           0.70989                                           0.67165                                           0.64170
10.701                                            0.84823                                           0.80695                                           0.73964                                           0.69012                                           0.64501                                           0.60902
10.706                                            0.84219                                           0.80066                                           0.72270                                           0.66487                                           0.61092                                           0.56783
10.711                                            0.83470                                           0.79103                                           0.70132                                           0.63266                                           0.56779                                           0.51774
10.716                                            0.82551                                           0.77737                                           0.67443                                           0.59198                                           0.51487                                           0.46137
10.721                                            0.81429                                           0.75892                                           0.64059                                           0.54125                                           0.45327                                           0.40663
10.726                                            0.80062                                           0.73473                                           0.59814                                           0.47981                                           0.38886                                           0.36847
10.731                                            0.78396                                           0.70351                                           0.54538                                           0.40969                                           0.33472                                           0.36359
10.736                                            0.76359                                           0.66350                                           0.48110                                           0.33822                                           0.30918                                           0.39802
10.741                                            0.73862                                           0.61251                                           0.40641                                           0.28069                                           0.32551                                           0.46059
10.746                                            0.70785                                           0.54739                                           0.32663                                           0.25637                                           0.38012                                           0.53252
10.751                                            0.66993                                           0.46517                                           0.25508                                           0.27742                                           0.45489                                           0.59929
10.756                                            0.62304                                           0.39508                                           0.21098                                           0.33794                                           0.53146                                           0.65514
10.761                                            0.56543                                           0.30716                                           0.21162                                           0.41857                                           0.59890                                           0.69930
10.766                                            0.49545                                           0.22155                                           0.25884                                           0.50058                                           0.65407                                           0.73355
10.771                                            0.41283                                           0.16596                                           0.33726                                           0.57312                                           0.69757                                           0.75995
10.776                                            0.32027                                           0.15877                                           0.42589                                           0.63288                                           0.73144                                           0.78041
10.781                                            0.22607                                           0.20266                                           0.50955                                           0.68048                                           0.75782                                           0.79641
10.786                                            0.14586                                           0.28247                                           0.58126                                           0.71784                                           0.77845                                           0.80905
10.791                                            0.099371                                          0.37667                                           0.63992                                           0.74720                                           0.79478                                           0.81918
10.796                                            0.10143                                           0.46831                                           0.68676                                           0.77033                                           0.80781                                           0.82737
10.801                                            0.15166                                           0.54912                                           0.72401                                           0.78877                                           0.81835                                           0.83409
10.806                                            0.23482                                           0.61658                                           0.75361                                           0.80357                                           0.82696                                           0.83965
10.811                                            0.33109                                           0.67158                                           0.77734                                           0.81560                                           0.83407                                           0.84431
10.816                                            0.42507                                           0.71595                                           0.79649                                           0.82547                                           0.84000                                           0.84825
10.821                                            0.50872                                           0.75173                                           0.81211                                           0.83365                                           0.84500                                           0.85161
10.826                                            0.57953                                           0.78071                                           0.82495                                           0.84051                                           0.84926                                           0.85450
10.831                                            0.63790                                           0.80432                                           0.83561                                           0.84631                                           0.85290                                           0.85700
10.836                                            0.68555                                           0.82376                                           0.84453                                           0.85126                                           0.85605                                           0.85919
10.841                                            0.72428                                           0.83986                                           0.85204                                           0.85551                                           0.85878                                           0.86111
10.846                                            0.75590                                           0.85334                                           0.85841                                           0.85919                                           0.86119                                           0.86281
10.851                                            0.78181                                           0.86470                                           0.86384                                           0.86241                                           0.86330                                           0.86432
10.856                                            0.80322                                           0.87437                                           0.86848                                           0.86524                                           0.86518                                           0.86567
10.861                                            0.82102                                           0.88266                                           0.87247                                           0.86775                                           0.86685                                           0.86689
10.866                                            0.83593                                           0.88981                                           0.87589                                           0.86998                                           0.86835                                           0.86798
10.871                                            0.84851                                           0.89604                                           0.87885                                           0.87198                                           0.86971                                           0.86897
10.876                                            0.85920                                           0.90147                                           0.88139                                           0.87377                                           0.87093                                           0.86987
10.881                                            0.86836                                           0.90626                                           0.88358                                           0.87540                                           0.87204                                           0.87070
10.886                                            0.87623                                           0.91049                                           0.88547                                           0.87688                                           0.87305                                           0.87145
10.891                                            0.88304                                           0.91426                                           0.88711                                           0.87823                                           0.87398                                           0.87214
10.896                                            0.88896                                           0.91763                                           0.88853                                           0.87946                                           0.87483                                           0.87277
10.901                                            0.89414                                           0.92065                                           0.88978                                           0.88059                                           0.87562                                           0.87336
10.906                                            0.89869                                           0.92337                                           0.89089                                           0.88164                                           0.87634                                           0.87390
10.911                                            0.90269                                           0.92583                                           0.89189                                           0.88260                                           0.87701                                           0.87440
10.916                                            0.90622                                           0.92807                                           0.89283                                           0.88349                                           0.87764                                           0.87486
10.921                                            0.90935                                           0.93011                                           0.89375                                           0.88431                                           0.87821                                           0.87529
10.926                                            0.91212                                           0.93197                                           0.89467                                           0.88507                                           0.87875                                           0.87569
10.931                                            0.91459                                           0.93367                                           0.89564                                           0.88577                                           0.87925                                           0.87606
10.936                                            0.91678                                           0.93524                                           0.89668                                           0.88642                                           0.87972                                           0.87641
10.941                                            0.91873                                           0.93669                                           0.89781                                           0.88703                                           0.88015                                           0.87673
10.946                                            0.92046                                           0.93802                                           0.89905                                           0.88758                                           0.88056                                           0.87703
10.951                                            0.92199                                           0.93926                                           0.90042                                           0.88809                                           0.88094                                           0.87731
10.956                                            0.92334                                           0.94040                                           0.90190                                           0.88856                                           0.88130                                           0.87757
10.961                                            0.92454                                           0.94147                                           0.90350                                           0.88899                                           0.88163                                           0.87781
10.966                                            0.92558                                           0.94245                                           0.90519                                           0.88939                                           0.88194                                           0.87803
10.971                                            0.92648                                           0.94338                                           0.90694                                           0.88974                                           0.88223                                           0.87824
10.976                                            0.92725                                           0.94423                                           0.90874                                           0.89007                                           0.88250                                           0.87844
10.981                                            0.92790                                           0.94503                                           0.91054                                           0.89035                                           0.88275                                           0.87862
10.986                                            0.92843                                           0.94578                                           0.91231                                           0.89061                                           0.88299                                           0.87878
10.991                                            0.92885                                           0.94648                                           0.91401                                           0.89084                                           0.88320                                           0.87893
10.996                                            0.92917                                           0.94713                                           0.91563                                           0.89104                                           0.88340                                           0.87908
11.001                                            0.92937                                           0.94774                                           0.91713                                           0.89121                                           0.88359                                           0.87921
11.006                                            0.92947                                           0.94831                                           0.91848                                           0.89136                                           0.88376                                           0.87932
11.011                                            0.92947                                           0.94884                                           0.91967                                           0.89149                                           0.88392                                           0.87943
11.016                                            0.92936                                           0.94934                                           0.92066                                           0.89159                                           0.88406                                           0.87953
11.021                                            0.92915                                           0.94980                                           0.92145                                           0.89168                                           0.88419                                           0.87962
11.026                                            0.92883                                           0.95023                                           0.92201                                           0.89175                                           0.88431                                           0.87970
11.031                                            0.92840                                           0.95063                                           0.92231                                           0.89180                                           0.88441                                           0.87977
11.036                                            0.92786                                           0.95100                                           0.92234                                           0.89185                                           0.88451                                           0.87983
11.041                                            0.92719                                           0.95134                                           0.92208                                           0.89189                                           0.88459                                           0.87989
11.046                                            0.92640                                           0.95165                                           0.92150                                           0.89192                                           0.88466                                           0.87994
11.051                                            0.92547                                           0.95194                                           0.92058                                           0.89195                                           0.88472                                           0.87998
11.056                                            0.92439                                           0.95219                                           0.91933                                           0.89199                                           0.88478                                           0.88001
11.061                                            0.92316                                           0.95243                                           0.91777                                           0.89202                                           0.88482                                           0.88004
11.066                                            0.92177                                           0.95263                                           0.91599                                           0.89207                                           0.88486                                           0.88006
11.071                                            0.92019                                           0.95282                                           0.91416                                           0.89212                                           0.88489                                           0.88007
11.076                                            0.91840                                           0.95297                                           0.91257                                           0.89219                                           0.88491                                           0.88008
11.081                                            0.91640                                           0.95310                                           0.91167                                           0.89228                                           0.88492                                           0.88009
11.086                                            0.91415                                           0.95321                                           0.91195                                           0.89239                                           0.88493                                           0.88009
11.091                                            0.91164                                           0.95329                                           0.91384                                           0.89252                                           0.88493                                           0.88008
11.096                                            0.90881                                           0.95334                                           0.91740                                           0.89267                                           0.88493                                           0.88007
11.101                                            0.90565                                           0.95337                                           0.92229                                           0.89285                                           0.88492                                           0.88005
11.106                                            0.90210                                           0.95336                                           0.92786                                           0.89305                                           0.88491                                           0.88003
11.111                                            0.89812                                           0.95333                                           0.93342                                           0.89328                                           0.88489                                           0.88001
11.116                                            0.89365                                           0.95327                                           0.93846                                           0.89353                                           0.88487                                           0.87998
11.121                                            0.88859                                           0.95318                                           0.94273                                           0.89382                                           0.88485                                           0.87995
11.126                                            0.88290                                           0.95306                                           0.94617                                           0.89412                                           0.88483                                           0.87991
11.131                                            0.87644                                           0.95290                                           0.94878                                           0.89445                                           0.88480                                           0.87987
11.136                                            0.86911                                           0.95271                                           0.95062                                           0.89480                                           0.88477                                           0.87983
11.141                                            0.86075                                           0.95248                                           0.95166                                           0.89516                                           0.88474                                           0.87978
11.146                                            0.85118                                           0.95221                                           0.95177                                           0.89554                                           0.88471                                           0.87973
11.151                                            0.84023                                           0.95190                                           0.95043                                           0.89592                                           0.88469                                           0.87968
11.156                                            0.82753                                           0.95154                                           0.94610                                           0.89631                                           0.88465                                           0.87963
11.161                                            0.81289                                           0.95114                                           0.93361                                           0.89670                                           0.88463                                           0.87957
11.166                                            0.79577                                           0.95068                                           0.92254                                           0.89708                                           0.88459                                           0.87950
11.171                                            0.77580                                           0.95017                                           0.96121                                           0.89745                                           0.88456                                           0.87944
11.176                                            0.75235                                           0.94959                                           0.96877                                           0.89779                                           0.88453                                           0.87937
11.181                                            0.72458                                           0.94893                                           0.96952                                           0.89812                                           0.88450                                           0.87929
11.186                                            0.69191                                           0.94821                                           0.96947                                           0.89841                                           0.88447                                           0.87921
11.191                                            0.65275                                           0.94738                                           0.96933                                           0.89866                                           0.88442                                           0.87912
11.196                                            0.60660                                           0.94647                                           0.96922                                           0.89887                                           0.88438                                           0.87903
11.201                                            0.55179                                           0.94543                                           0.96914                                           0.89902                                           0.88433                                           0.87893
11.206                                            0.48749                                           0.94425                                           0.96907                                           0.89911                                           0.88427                                           0.87881
11.211                                            0.41440                                           0.94294                                           0.96902                                           0.89915                                           0.88421                                           0.87869
11.216                                            0.33104                                           0.94129                                           0.96891                                           0.89906                                           0.88409                                           0.87851
11.221                                            0.24554                                           0.93950                                           0.96880                                           0.89892                                           0.88397                                           0.87833
11.226                                            0.16112                                           0.93708                                           0.96855                                           0.89860                                           0.88373                                           0.87802
11.231                                            0.092886                                          0.93420                                           0.96822                                           0.89814                                           0.88343                                           0.87765
11.236                                            0.052297                                          0.93062                                           0.96774                                           0.89751                                           0.88301                                           0.87715
11.241                                            0.037742                                          0.92511                                           0.96673                                           0.89637                                           0.88212                                           0.87614
11.246                                            0.052959                                          0.91913                                           0.96573                                           0.89520                                           0.88125                                           0.87516
11.251                                            0.083376                                          0.91554                                           0.96539                                           0.89446                                           0.88082                                           0.87462
11.256                                            0.11942                                           0.91252                                           0.96522                                           0.89380                                           0.88050                                           0.87418
11.261                                            0.17353                                           0.91036                                           0.96543                                           0.89340                                           0.88052                                           0.87414
11.266                                            0.26351                                           0.91018                                           0.96636                                           0.89356                                           0.88122                                           0.87484
11.271                                            0.35880                                           0.90997                                           0.96727                                           0.89366                                           0.88190                                           0.87553
11.276                                            0.44362                                           0.90651                                           0.96751                                           0.89324                                           0.88209                                           0.87572
11.281                                            0.51840                                           0.90219                                           0.96766                                           0.89276                                           0.88221                                           0.87584
11.286                                            0.57781                                           0.89597                                           0.96753                                           0.89209                                           0.88212                                           0.87575
11.291                                            0.62226                                           0.88715                                           0.96707                                           0.89122                                           0.88179                                           0.87541
11.296                                            0.66002                                           0.87719                                           0.96660                                           0.89043                                           0.88146                                           0.87508
11.301                                            0.66973                                           0.85999                                           0.96504                                           0.88894                                           0.88027                                           0.87382
11.306                                            0.67933                                           0.84041                                           0.96345                                           0.88757                                           0.87908                                           0.87257
11.311                                            0.68956                                           0.82525                                           0.96247                                           0.88674                                           0.87824                                           0.87168
11.316                                            0.69933                                           0.81562                                           0.96207                                           0.88640                                           0.87768                                           0.87107
11.321                                            0.70960                                           0.80585                                           0.96174                                           0.88629                                           0.87718                                           0.87053
11.326                                            0.75141                                           0.80320                                           0.96316                                           0.88764                                           0.87810                                           0.87158
11.331                                            0.78966                                           0.80078                                           0.96459                                           0.88917                                           0.87899                                           0.87262
11.336                                            0.81890                                           0.79187                                           0.96543                                           0.89055                                           0.87950                                           0.87329
11.341                                            0.84063                                           0.77621                                           0.96580                                           0.89184                                           0.87972                                           0.87366
11.346                                            0.85901                                           0.75759                                           0.96611                                           0.89329                                           0.87989                                           0.87398
11.351                                            0.87172                                           0.73165                                           0.96604                                           0.89468                                           0.87980                                           0.87404
11.356                                            0.88281                                           0.70114                                           0.96595                                           0.89620                                           0.87969                                           0.87408
11.361                                            0.89187                                           0.66419                                           0.96574                                           0.89778                                           0.87952                                           0.87406
11.366                                            0.89949                                           0.62011                                           0.96545                                           0.89939                                           0.87929                                           0.87400
11.371                                            0.90620                                           0.56861                                           0.96512                                           0.90104                                           0.87905                                           0.87393
11.376                                            0.91188                                           0.50866                                           0.96471                                           0.90263                                           0.87876                                           0.87381
11.381                                            0.91697                                           0.44150                                           0.96425                                           0.90418                                           0.87847                                           0.87369
11.386                                            0.92146                                           0.36897                                           0.96373                                           0.90563                                           0.87815                                           0.87355
11.391                                            0.92547                                           0.29587                                           0.96315                                           0.90694                                           0.87783                                           0.87341
11.396                                            0.92911                                           0.22997                                           0.96252                                           0.90809                                           0.87751                                           0.87326
11.401                                            0.93236                                           0.18068                                           0.96181                                           0.90903                                           0.87717                                           0.87309
11.406                                            0.93533                                           0.15761                                           0.96105                                           0.90975                                           0.87684                                           0.87293
11.411                                            0.93804                                           0.16559                                           0.96021                                           0.91021                                           0.87651                                           0.87275
11.416                                            0.94051                                           0.20300                                           0.95929                                           0.91038                                           0.87618                                           0.87258
11.421                                            0.94279                                           0.26232                                           0.95828                                           0.91024                                           0.87586                                           0.87240
11.426                                            0.94488                                           0.33368                                           0.95718                                           0.90975                                           0.87555                                           0.87222
11.431                                            0.94682                                           0.40802                                           0.95598                                           0.90890                                           0.87526                                           0.87203
11.436                                            0.94861                                           0.47926                                           0.95466                                           0.90764                                           0.87498                                           0.87185
11.441                                            0.95028                                           0.54396                                           0.95321                                           0.90596                                           0.87473                                           0.87166
11.446                                            0.95183                                           0.60078                                           0.95163                                           0.90386                                           0.87449                                           0.87148
11.451                                            0.95328                                           0.64989                                           0.94988                                           0.90134                                           0.87427                                           0.87129
11.456                                            0.95463                                           0.69173                                           0.94797                                           0.89845                                           0.87408                                           0.87110
11.461                                            0.95589                                           0.72730                                           0.94585                                           0.89530                                           0.87391                                           0.87091
11.466                                            0.95708                                           0.75750                                           0.94351                                           0.89207                                           0.87377                                           0.87073
11.471                                            0.95820                                           0.78312                                           0.94093                                           0.88909                                           0.87366                                           0.87055
11.476                                            0.95925                                           0.80504                                           0.93804                                           0.88678                                           0.87357                                           0.87036
11.481                                            0.96024                                           0.82376                                           0.93484                                           0.88568                                           0.87351                                           0.87018
11.486                                            0.96118                                           0.83987                                           0.93127                                           0.88633                                           0.87347                                           0.87000
11.491                                            0.96206                                           0.85380                                           0.92726                                           0.88907                                           0.87346                                           0.86982
11.496                                            0.96290                                           0.86587                                           0.92277                                           0.89392                                           0.87347                                           0.86965
11.501                                            0.96369                                           0.87642                                           0.91769                                           0.90048                                           0.87350                                           0.86948
11.506                                            0.96445                                           0.88566                                           0.91194                                           0.90806                                           0.87355                                           0.86931
11.511                                            0.96516                                           0.89380                                           0.90541                                           0.91590                                           0.87361                                           0.86914
11.516                                            0.96584                                           0.90100                                           0.89794                                           0.92334                                           0.87367                                           0.86897
11.521                                            0.96649                                           0.90738                                           0.88939                                           0.92995                                           0.87375                                           0.86881
11.526                                            0.96711                                           0.91309                                           0.87951                                           0.93550                                           0.87382                                           0.86865
11.531                                            0.96770                                           0.91819                                           0.86808                                           0.93992                                           0.87389                                           0.86849
11.536                                            0.96826                                           0.92277                                           0.85479                                           0.94320                                           0.87395                                           0.86834
11.541                                            0.96880                                           0.92690                                           0.83918                                           0.94529                                           0.87400                                           0.86818
11.546                                            0.96931                                           0.93063                                           0.82087                                           0.94611                                           0.87403                                           0.86803
11.551                                            0.96981                                           0.93402                                           0.79918                                           0.94532                                           0.87403                                           0.86788
11.556                                            0.97028                                           0.93710                                           0.77345                                           0.94208                                           0.87400                                           0.86773
11.561                                            0.97073                                           0.93991                                           0.74288                                           0.93418                                           0.87393                                           0.86758
11.566                                            0.97116                                           0.94249                                           0.70633                                           0.91557                                           0.87382                                           0.86743
11.571                                            0.97158                                           0.94484                                           0.66301                                           0.88520                                           0.87367                                           0.86728
11.576                                            0.97198                                           0.94701                                           0.61192                                           0.93818                                           0.87347                                           0.86713
11.581                                            0.97236                                           0.94901                                           0.55263                                           0.97371                                           0.87321                                           0.86697
11.586                                            0.97273                                           0.95085                                           0.48608                                           0.97878                                           0.87289                                           0.86682
11.591                                            0.97308                                           0.95255                                           0.41453                                           0.97883                                           0.87251                                           0.86666
11.596                                            0.97342                                           0.95413                                           0.34415                                           0.97810                                           0.87206                                           0.86649
11.601                                            0.97375                                           0.95560                                           0.28378                                           0.97729                                           0.87155                                           0.86633
11.606                                            0.97407                                           0.95697                                           0.24406                                           0.97654                                           0.87096                                           0.86615
11.611                                            0.97437                                           0.95824                                           0.23384                                           0.97585                                           0.87031                                           0.86598
11.616                                            0.97467                                           0.95942                                           0.25541                                           0.97521                                           0.86958                                           0.86579
11.621                                            0.97495                                           0.96053                                           0.30357                                           0.97459                                           0.86879                                           0.86560
11.626                                            0.97522                                           0.96157                                           0.36821                                           0.97399                                           0.86794                                           0.86540
11.631                                            0.97548                                           0.96254                                           0.43932                                           0.97339                                           0.86703                                           0.86519
11.636                                            0.97574                                           0.96345                                           0.50878                                           0.97277                                           0.86606                                           0.86497
11.641                                            0.97598                                           0.96431                                           0.57237                                           0.97214                                           0.86506                                           0.86475
11.646                                            0.97622                                           0.96511                                           0.62826                                           0.97148                                           0.86402                                           0.86451
11.651                                            0.97644                                           0.96587                                           0.67607                                           0.97078                                           0.86297                                           0.86426
11.656                                            0.97666                                           0.96659                                           0.71670                                           0.97004                                           0.86190                                           0.86400
11.661                                            0.97687                                           0.96726                                           0.75084                                           0.96925                                           0.86085                                           0.86373
11.666                                            0.97708                                           0.96790                                           0.77955                                           0.96841                                           0.85984                                           0.86345
11.671                                            0.97727                                           0.96850                                           0.80380                                           0.96750                                           0.85888                                           0.86316
11.676                                            0.97747                                           0.96907                                           0.82425                                           0.96653                                           0.85800                                           0.86285
11.681                                            0.97765                                           0.96961                                           0.84165                                           0.96547                                           0.85721                                           0.86253
11.686                                            0.97783                                           0.97012                                           0.85650                                           0.96431                                           0.85655                                           0.86220
11.691                                            0.97800                                           0.97060                                           0.86921                                           0.96306                                           0.85603                                           0.86186
11.696                                            0.97816                                           0.97106                                           0.88022                                           0.96169                                           0.85568                                           0.86150
11.701                                            0.97832                                           0.97149                                           0.88974                                           0.96018                                           0.85551                                           0.86113
11.706                                            0.97847                                           0.97191                                           0.89804                                           0.95853                                           0.85553                                           0.86076
11.711                                            0.97862                                           0.97230                                           0.90532                                           0.95670                                           0.85575                                           0.86037
11.716                                            0.97876                                           0.97267                                           0.91171                                           0.95468                                           0.85618                                           0.85997
11.721                                            0.97890                                           0.97303                                           0.91737                                           0.95243                                           0.85680                                           0.85956
11.726                                            0.97903                                           0.97336                                           0.92238                                           0.94992                                           0.85761                                           0.85915
11.731                                            0.97916                                           0.97369                                           0.92685                                           0.94712                                           0.85859                                           0.85873
11.736                                            0.97929                                           0.97399                                           0.93085                                           0.94396                                           0.85971                                           0.85830
11.741                                            0.97940                                           0.97428                                           0.93443                                           0.94039                                           0.86095                                           0.85787
11.746                                            0.97952                                           0.97456                                           0.93766                                           0.93635                                           0.86226                                           0.85743
11.751                                            0.97963                                           0.97483                                           0.94058                                           0.93174                                           0.86361                                           0.85700
11.756                                            0.97973                                           0.97508                                           0.94322                                           0.92647                                           0.86498                                           0.85657
11.761                                            0.97983                                           0.97532                                           0.94562                                           0.92039                                           0.86629                                           0.85613
11.766                                            0.97993                                           0.97555                                           0.94781                                           0.91335                                           0.86753                                           0.85570
11.771                                            0.98003                                           0.97577                                           0.94980                                           0.90516                                           0.86865                                           0.85529
11.776                                            0.98011                                           0.97597                                           0.95163                                           0.89551                                           0.86960                                           0.85487
11.781                                            0.98020                                           0.97617                                           0.95331                                           0.88416                                           0.87035                                           0.85447
11.786                                            0.98028                                           0.97636                                           0.95485                                           0.87065                                           0.87087                                           0.85407
11.791                                            0.98036                                           0.97654                                           0.95627                                           0.85445                                           0.87111                                           0.85369
11.796                                            0.98044                                           0.97671                                           0.95758                                           0.83499                                           0.87103                                           0.85333
11.801                                            0.98051                                           0.97688                                           0.95880                                           0.81130                                           0.87061                                           0.85298
11.806                                            0.98058                                           0.97703                                           0.95992                                           0.78244                                           0.86980                                           0.85265
11.811                                            0.98064                                           0.97718                                           0.96096                                           0.74725                                           0.86858                                           0.85234
11.816                                            0.98070                                           0.97732                                           0.96193                                           0.70403                                           0.86690                                           0.85204
11.821                                            0.98076                                           0.97746                                           0.96283                                           0.65178                                           0.86475                                           0.85176
11.826                                            0.98082                                           0.97759                                           0.96367                                           0.58959                                           0.86210                                           0.85151
11.831                                            0.98087                                           0.97771                                           0.96445                                           0.51806                                           0.85894                                           0.85127
11.836                                            0.98092                                           0.97783                                           0.96518                                           0.44155                                           0.85530                                           0.85106
11.841                                            0.98097                                           0.97794                                           0.96586                                           0.36832                                           0.85120                                           0.85086
11.846                                            0.98101                                           0.97804                                           0.96651                                           0.31208                                           0.84677                                           0.85068
11.851                                            0.98106                                           0.97815                                           0.96711                                           0.28687                                           0.84216                                           0.85051
11.856                                            0.98109                                           0.97824                                           0.96767                                           0.29959                                           0.83763                                           0.85036
11.861                                            0.98113                                           0.97833                                           0.96820                                           0.34590                                           0.83356                                           0.85022
11.866                                            0.98116                                           0.97842                                           0.96870                                           0.41284                                           0.83041                                           0.85009
11.871                                            0.98119                                           0.97850                                           0.96916                                           0.48691                                           0.82869                                           0.84996
11.876                                            0.98122                                           0.97857                                           0.96960                                           0.55786                                           0.82892                                           0.84984
11.881                                            0.98125                                           0.97864                                           0.97002                                           0.62108                                           0.83144                                           0.84971
11.886                                            0.98127                                           0.97871                                           0.97041                                           0.67501                                           0.83636                                           0.84957
11.891                                            0.98130                                           0.97878                                           0.97078                                           0.71985                                           0.84345                                           0.84943
11.896                                            0.98131                                           0.97884                                           0.97113                                           0.75701                                           0.85215                                           0.84927
11.901                                            0.98133                                           0.97889                                           0.97146                                           0.78757                                           0.86177                                           0.84910
11.906                                            0.98135                                           0.97895                                           0.97177                                           0.81274                                           0.87160                                           0.84890
11.911                                            0.98136                                           0.97900                                           0.97207                                           0.83371                                           0.88098                                           0.84867
11.916                                            0.98137                                           0.97904                                           0.97235                                           0.85114                                           0.88948                                           0.84840
11.921                                            0.98138                                           0.97909                                           0.97261                                           0.86578                                           0.89677                                           0.84810
11.926                                            0.98138                                           0.97913                                           0.97286                                           0.87818                                           0.90268                                           0.84775
11.931                                            0.98139                                           0.97916                                           0.97310                                           0.88870                                           0.90708                                           0.84736
11.936                                            0.98139                                           0.97920                                           0.97332                                           0.89773                                           0.90983                                           0.84691
11.941                                            0.98139                                           0.97923                                           0.97354                                           0.90551                                           0.91069                                           0.84641
11.946                                            0.98139                                           0.97926                                           0.97374                                           0.91224                                           0.90923                                           0.84584
11.951                                            0.98139                                           0.97928                                           0.97393                                           0.91813                                           0.90449                                           0.84521
11.956                                            0.98138                                           0.97931                                           0.97412                                           0.92329                                           0.89451                                           0.84451
11.961                                            0.98138                                           0.97933                                           0.97429                                           0.92782                                           0.87491                                           0.84375
11.966                                            0.98137                                           0.97935                                           0.97445                                           0.93185                                           0.83738                                           0.84291
11.971                                            0.98135                                           0.97936                                           0.97461                                           0.93542                                           0.79764                                           0.84200
11.976                                            0.98134                                           0.97938                                           0.97476                                           0.93861                                           0.88274                                           0.84102
11.981                                            0.98133                                           0.97939                                           0.97490                                           0.94148                                           0.95937                                           0.83996
11.986                                            0.98131                                           0.97940                                           0.97503                                           0.94405                                           0.97643                                           0.83884
11.991                                            0.98129                                           0.97940                                           0.97516                                           0.94637                                           0.97814                                           0.83765
11.996                                            0.98127                                           0.97941                                           0.97528                                           0.94847                                           0.97644                                           0.83640
12.001                                            0.98125                                           0.97941                                           0.97539                                           0.95038                                           0.97394                                           0.83511
12.006                                            0.98123                                           0.97941                                           0.97550                                           0.95212                                           0.97124                                           0.83375
12.011                                            0.98121                                           0.97941                                           0.97560                                           0.95371                                           0.96843                                           0.83237
12.016                                            0.98118                                           0.97941                                           0.97570                                           0.95516                                           0.96551                                           0.83097
12.021                                            0.98115                                           0.97940                                           0.97579                                           0.95650                                           0.96235                                           0.82954
12.026                                            0.98112                                           0.97940                                           0.97588                                           0.95773                                           0.95891                                           0.82812
12.031                                            0.98109                                           0.97939                                           0.97596                                           0.95886                                           0.95507                                           0.82672
12.036                                            0.98106                                           0.97938                                           0.97604                                           0.95990                                           0.95069                                           0.82536
12.041                                            0.98103                                           0.97937                                           0.97611                                           0.96087                                           0.94564                                           0.82405
12.046                                            0.98099                                           0.97935                                           0.97618                                           0.96177                                           0.93974                                           0.82282
12.051                                            0.98095                                           0.97934                                           0.97624                                           0.96260                                           0.93272                                           0.82168
12.056                                            0.98091                                           0.97932                                           0.97630                                           0.96337                                           0.92433                                           0.82066
12.061                                            0.98087                                           0.97930                                           0.97636                                           0.96410                                           0.91413                                           0.81977
12.066                                            0.98083                                           0.97928                                           0.97641                                           0.96477                                           0.90161                                           0.81902
12.071                                            0.98079                                           0.97926                                           0.97646                                           0.96540                                           0.88613                                           0.81844
12.076                                            0.98074                                           0.97923                                           0.97651                                           0.96598                                           0.86657                                           0.81802
12.081                                            0.98070                                           0.97921                                           0.97655                                           0.96653                                           0.84177                                           0.81777
12.086                                            0.98065                                           0.97918                                           0.97659                                           0.96705                                           0.81010                                           0.81770
12.091                                            0.98060                                           0.97915                                           0.97663                                           0.96753                                           0.76884                                           0.81778
12.096                                            0.98055                                           0.97912                                           0.97666                                           0.96798                                           0.71571                                           0.81803
12.101                                            0.98050                                           0.97909                                           0.97669                                           0.96841                                           0.64797                                           0.81843
12.106                                            0.98044                                           0.97905                                           0.97671                                           0.96880                                           0.56373                                           0.81892
12.111                                            0.98038                                           0.97902                                           0.97674                                           0.96918                                           0.46771                                           0.81952
12.116                                            0.98033                                           0.97898                                           0.97676                                           0.96953                                           0.37338                                           0.82017
12.121                                            0.98027                                           0.97894                                           0.97677                                           0.96986                                           0.30578                                           0.82084
12.126                                            0.98021                                           0.97890                                           0.97679                                           0.97018                                           0.29061                                           0.82152
12.131                                            0.98014                                           0.97886                                           0.97680                                           0.97047                                           0.33201                                           0.82213
12.136                                            0.98008                                           0.97881                                           0.97681                                           0.97075                                           0.41058                                           0.82265
12.141                                            0.98001                                           0.97877                                           0.97682                                           0.97101                                           0.49987                                           0.82304
12.146                                            0.97994                                           0.97872                                           0.97682                                           0.97125                                           0.58328                                           0.82324
12.151                                            0.97987                                           0.97866                                           0.97682                                           0.97148                                           0.65368                                           0.82322
12.156                                            0.97981                                           0.97862                                           0.97682                                           0.97170                                           0.71029                                           0.82295
12.161                                            0.97973                                           0.97856                                           0.97681                                           0.97190                                           0.75543                                           0.82234
12.166                                            0.97965                                           0.97850                                           0.97680                                           0.97209                                           0.79103                                           0.82139
12.171                                            0.97958                                           0.97845                                           0.97680                                           0.97228                                           0.81920                                           0.82007
12.176                                            0.97949                                           0.97839                                           0.97678                                           0.97244                                           0.84191                                           0.81827
12.181                                            0.97941                                           0.97832                                           0.97676                                           0.97259                                           0.86019                                           0.81601
12.186                                            0.97933                                           0.97826                                           0.97674                                           0.97274                                           0.87508                                           0.81324
12.191                                            0.97924                                           0.97819                                           0.97671                                           0.97287                                           0.88743                                           0.80989
12.196                                            0.97915                                           0.97812                                           0.97669                                           0.97300                                           0.89768                                           0.80598
12.201                                            0.97907                                           0.97806                                           0.97666                                           0.97311                                           0.90628                                           0.80149
12.206                                            0.97897                                           0.97798                                           0.97662                                           0.97321                                           0.91359                                           0.79637
12.211                                            0.97887                                           0.97790                                           0.97659                                           0.97331                                           0.91981                                           0.79070
12.216                                            0.97878                                           0.97783                                           0.97655                                           0.97340                                           0.92517                                           0.78453
12.221                                            0.97867                                           0.97774                                           0.97650                                           0.97348                                           0.92980                                           0.77793
12.226                                            0.97857                                           0.97766                                           0.97646                                           0.97355                                           0.93383                                           0.77114
12.231                                            0.97846                                           0.97757                                           0.97641                                           0.97361                                           0.93736                                           0.76435
12.236                                            0.97835                                           0.97747                                           0.97635                                           0.97366                                           0.94046                                           0.75788
12.241                                            0.97824                                           0.97739                                           0.97630                                           0.97371                                           0.94320                                           0.75220
12.246                                            0.97812                                           0.97729                                           0.97623                                           0.97374                                           0.94563                                           0.74768
12.251                                            0.97800                                           0.97718                                           0.97616                                           0.97377                                           0.94778                                           0.74480
12.256                                            0.97788                                           0.97708                                           0.97610                                           0.97380                                           0.94972                                           0.74402
12.261                                            0.97775                                           0.97697                                           0.97602                                           0.97380                                           0.95143                                           0.74549
12.266                                            0.97762                                           0.97685                                           0.97594                                           0.97380                                           0.95298                                           0.74932
12.271                                            0.97749                                           0.97675                                           0.97586                                           0.97381                                           0.95438                                           0.75534
12.276                                            0.97734                                           0.97662                                           0.97576                                           0.97378                                           0.95562                                           0.76304
12.281                                            0.97720                                           0.97649                                           0.97566                                           0.97376                                           0.95674                                           0.77192
12.286                                            0.97706                                           0.97637                                           0.97558                                           0.97375                                           0.95777                                           0.78135
12.291                                            0.97689                                           0.97622                                           0.97546                                           0.97369                                           0.95867                                           0.79059
12.296                                            0.97673                                           0.97608                                           0.97534                                           0.97364                                           0.95949                                           0.79917
12.301                                            0.97659                                           0.97595                                           0.97524                                           0.97360                                           0.96026                                           0.80659
12.306                                            0.97640                                           0.97578                                           0.97510                                           0.97352                                           0.96090                                           0.81230
12.311                                            0.97622                                           0.97562                                           0.97496                                           0.97344                                           0.96150                                           0.81607
12.316                                            0.97606                                           0.97547                                           0.97484                                           0.97337                                           0.96206                                           0.81751
12.321                                            0.97585                                           0.97528                                           0.97467                                           0.97325                                           0.96251                                           0.81594
12.326                                            0.97565                                           0.97510                                           0.97452                                           0.97315                                           0.96294                                           0.81091
12.331                                            0.97546                                           0.97493                                           0.97437                                           0.97305                                           0.96333                                           0.80137
12.336                                            0.97523                                           0.97471                                           0.97417                                           0.97289                                           0.96363                                           0.78547
12.341                                            0.97501                                           0.97451                                           0.97399                                           0.97276                                           0.96392                                           0.76093
12.346                                            0.97480                                           0.97431                                           0.97382                                           0.97262                                           0.96417                                           0.72362
12.351                                            0.97453                                           0.97406                                           0.97358                                           0.97243                                           0.96433                                           0.66806
12.356                                            0.97429                                           0.97383                                           0.97338                                           0.97225                                           0.96450                                           0.59644
12.361                                            0.97404                                           0.97360                                           0.97316                                           0.97208                                           0.96463                                           0.55519
12.366                                            0.97374                                           0.97331                                           0.97289                                           0.97183                                           0.96468                                           0.65422
12.371                                            0.97346                                           0.97305                                           0.97265                                           0.97162                                           0.96474                                           0.82604
12.376                                            0.97317                                           0.97277                                           0.97239                                           0.97139                                           0.96476                                           0.91903
12.381                                            0.97283                                           0.97244                                           0.97207                                           0.97109                                           0.96469                                           0.94249
12.386                                            0.97251                                           0.97214                                           0.97179                                           0.97083                                           0.96464                                           0.93019
12.391                                            0.97217                                           0.97181                                           0.97147                                           0.97054                                           0.96455                                           0.89378
12.396                                            0.97177                                           0.97141                                           0.97109                                           0.97017                                           0.96437                                           0.83034
12.401                                            0.97141                                           0.97107                                           0.97075                                           0.96985                                           0.96422                                           0.72977
12.406                                            0.97100                                           0.97067                                           0.97037                                           0.96948                                           0.96401                                           0.57569
12.411                                            0.97052                                           0.97020                                           0.96991                                           0.96903                                           0.96370                                           0.37054
12.416                                            0.97010                                           0.96979                                           0.96950                                           0.96864                                           0.96345                                           0.19879
12.421                                            0.96961                                           0.96931                                           0.96903                                           0.96818                                           0.96311                                           0.17953
12.426                                            0.96903                                           0.96874                                           0.96847                                           0.96761                                           0.96264                                           0.30193
12.431                                            0.96853                                           0.96825                                           0.96798                                           0.96713                                           0.96227                                           0.45350
12.436                                            0.96793                                           0.96765                                           0.96739                                           0.96654                                           0.96177                                           0.57740
12.441                                            0.96722                                           0.96695                                           0.96668                                           0.96582                                           0.96113                                           0.66710
12.446                                            0.96661                                           0.96634                                           0.96608                                           0.96522                                           0.96061                                           0.72995
12.451                                            0.96586                                           0.96559                                           0.96533                                           0.96446                                           0.95990                                           0.77454
12.456                                            0.96496                                           0.96469                                           0.96442                                           0.96354                                           0.95902                                           0.80673
12.461                                            0.96421                                           0.96395                                           0.96367                                           0.96278                                           0.95832                                           0.83072
12.466                                            0.96322                                           0.96296                                           0.96268                                           0.96177                                           0.95733                                           0.84844
12.471                                            0.96204                                           0.96177                                           0.96148                                           0.96053                                           0.95610                                           0.86171
12.476                                            0.96108                                           0.96082                                           0.96052                                           0.95955                                           0.95515                                           0.87246
12.481                                            0.95975                                           0.95947                                           0.95916                                           0.95816                                           0.95375                                           0.88019
12.486                                            0.95810                                           0.95782                                           0.95747                                           0.95643                                           0.95198                                           0.88577
12.491                                            0.95685                                           0.95656                                           0.95620                                           0.95513                                           0.95068                                           0.89087
12.496                                            0.95490                                           0.95460                                           0.95420                                           0.95307                                           0.94857                                           0.89364
12.501                                            0.95244                                           0.95211                                           0.95167                                           0.95046                                           0.94586                                           0.89487
12.506                                            0.95072                                           0.95037                                           0.94991                                           0.94866                                           0.94403                                           0.89691
12.511                                            0.94762                                           0.94724                                           0.94672                                           0.94537                                           0.94060                                           0.89600
12.516                                            0.94351                                           0.94308                                           0.94248                                           0.94100                                           0.93603                                           0.89329
12.521                                            0.94098                                           0.94053                                           0.93989                                           0.93834                                           0.93331                                           0.89311
12.526                                            0.93584                                           0.93533                                           0.93459                                           0.93288                                           0.92758                                           0.88828
12.531                                            0.92825                                           0.92763                                           0.92673                                           0.92478                                           0.91907                                           0.87982
12.536                                            0.92396                                           0.92330                                           0.92234                                           0.92028                                           0.91445                                           0.87691
12.541                                            0.91792                                           0.91719                                           0.91611                                           0.91388                                           0.90778                                           0.87085
12.546                                            0.90663                                           0.90574                                           0.90443                                           0.90185                                           0.89513                                           0.85701
12.551                                            0.89815                                           0.89716                                           0.89569                                           0.89288                                           0.88583                                           0.84823
12.556                                            0.89116                                           0.89009                                           0.88850                                           0.88552                                           0.87825                                           0.84154
12.561                                            0.88000                                           0.87879                                           0.87700                                           0.87372                                           0.86596                                           0.82869
12.566                                            0.86804                                           0.86670                                           0.86472                                           0.86117                                           0.85302                                           0.81588
12.571                                            0.85544                                           0.85397                                           0.85183                                           0.84805                                           0.83963                                           0.80308
12.576                                            0.84111                                           0.83949                                           0.83712                                           0.83303                                           0.82414                                           0.78726
12.581                                            0.82356                                           0.82173                                           0.81906                                           0.81454                                           0.80502                                           0.76746
12.586                                            0.80385                                           0.80174                                           0.79868                                           0.79360                                           0.78320                                           0.74434
12.591                                            0.78697                                           0.78458                                           0.78113                                           0.77547                                           0.76413                                           0.72354
12.596                                            0.76888                                           0.76619                                           0.76229                                           0.75598                                           0.74356                                           0.70081
12.601                                            0.75245                                           0.74948                                           0.74516                                           0.73822                                           0.72475                                           0.67974
12.606                                            0.74342                                           0.74029                                           0.73574                                           0.72846                                           0.71439                                           0.66816
12.611                                            0.73753                                           0.73433                                           0.72967                                           0.72220                                           0.70783                                           0.66112
12.616                                            0.73377                                           0.73056                                           0.72589                                           0.71842                                           0.70408                                           0.65787
12.621                                            0.73096                                           0.72777                                           0.72315                                           0.71576                                           0.70163                                           0.65659
12.626                                            0.72704                                           0.72387                                           0.71928                                           0.71197                                           0.69805                                           0.65429
12.631                                            0.72181                                           0.71865                                           0.71407                                           0.70679                                           0.69304                                           0.65049
12.636                                            0.71688                                           0.71371                                           0.70912                                           0.70186                                           0.68822                                           0.64673
12.641                                            0.71145                                           0.70825                                           0.70365                                           0.69638                                           0.68281                                           0.64228
12.646                                            0.70552                                           0.70229                                           0.69763                                           0.69030                                           0.67674                                           0.63697
12.651                                            0.70039                                           0.69710                                           0.69237                                           0.68495                                           0.67131                                           0.63204
12.656                                            0.69509                                           0.69173                                           0.68691                                           0.67936                                           0.66559                                           0.62661
12.661                                            0.68989                                           0.68648                                           0.68155                                           0.67389                                           0.65997                                           0.62122
12.666                                            0.68592                                           0.68246                                           0.67747                                           0.66973                                           0.65573                                           0.61731
12.671                                            0.68251                                           0.67901                                           0.67397                                           0.66615                                           0.65209                                           0.61401
12.676                                            0.67977                                           0.67624                                           0.67114                                           0.66326                                           0.64912                                           0.61134
12.681                                            0.67825                                           0.67469                                           0.66956                                           0.66162                                           0.64745                                           0.61001
12.686                                            0.67731                                           0.67374                                           0.66859                                           0.66062                                           0.64645                                           0.60945
12.691                                            0.67649                                           0.67291                                           0.66775                                           0.65978                                           0.64565                                           0.60921
12.696                                            0.67573                                           0.67216                                           0.66701                                           0.65906                                           0.64504                                           0.60937
12.701                                            0.67443                                           0.67085                                           0.66571                                           0.65779                                           0.64390                                           0.60908
12.706                                            0.67212                                           0.66854                                           0.66339                                           0.65548                                           0.64170                                           0.60771
12.711                                            0.66877                                           0.66518                                           0.66002                                           0.65214                                           0.63851                                           0.60542
12.716                                            0.66433                                           0.66074                                           0.65559                                           0.64775                                           0.63429                                           0.60220
12.721                                            0.65880                                           0.65520                                           0.65005                                           0.64224                                           0.62895                                           0.59784
12.726                                            0.65118                                           0.64755                                           0.64238                                           0.63458                                           0.62145                                           0.59133
12.731                                            0.64106                                           0.63738                                           0.63214                                           0.62430                                           0.61123                                           0.58198
12.736                                            0.62977                                           0.62599                                           0.62063                                           0.61265                                           0.59949                                           0.57073
12.741                                            0.61656                                           0.61261                                           0.60702                                           0.59874                                           0.58522                                           0.55637
12.746                                            0.60158                                           0.59738                                           0.59143                                           0.58266                                           0.56847                                           0.53880
12.751                                            0.58840                                           0.58393                                           0.57761                                           0.56830                                           0.55332                                           0.52254
12.756                                            0.57775                                           0.57300                                           0.56627                                           0.55638                                           0.54047                                           0.50811
12.761                                            0.57160                                           0.56652                                           0.55931                                           0.54867                                           0.53149                                           0.49648
12.766                                            0.56713                                           0.56175                                           0.55409                                           0.54274                                           0.52433                                           0.48670
12.771                                            0.56484                                           0.55919                                           0.55111                                           0.53910                                           0.51952                                           0.47930
12.776                                            0.57463                                           0.56886                                           0.56058                                           0.54819                                           0.52782                                           0.48535
12.781                                            0.58640                                           0.58055                                           0.57213                                           0.55945                                           0.53843                                           0.49398
12.786                                            0.60005                                           0.59418                                           0.58569                                           0.57282                                           0.55132                                           0.50524
12.791                                            0.61111                                           0.60535                                           0.59698                                           0.58427                                           0.56296                                           0.51707
12.796                                            0.62138                                           0.61578                                           0.60762                                           0.59521                                           0.57435                                           0.52931
12.801                                            0.63089                                           0.62550                                           0.61764                                           0.60564                                           0.58548                                           0.54187
12.806                                            0.63611                                           0.63094                                           0.62338                                           0.61186                                           0.59251                                           0.55077
12.811                                            0.63926                                           0.63431                                           0.62708                                           0.61606                                           0.59759                                           0.55788
12.816                                            0.64179                                           0.63708                                           0.63020                                           0.61972                                           0.60220                                           0.56467
12.821                                            0.64354                                           0.63906                                           0.63252                                           0.62258                                           0.60599                                           0.57060
12.826                                            0.64462                                           0.64036                                           0.63415                                           0.62471                                           0.60904                                           0.57576
12.831                                            0.64495                                           0.64091                                           0.63502                                           0.62611                                           0.61136                                           0.58026
12.836                                            0.64404                                           0.64019                                           0.63461                                           0.62619                                           0.61234                                           0.58333
12.841                                            0.64171                                           0.63803                                           0.63271                                           0.62472                                           0.61166                                           0.58455
12.846                                            0.63801                                           0.63447                                           0.62938                                           0.62176                                           0.60941                                           0.58404
12.851                                            0.63356                                           0.63011                                           0.62517                                           0.61783                                           0.60601                                           0.58204
12.856                                            0.62938                                           0.62596                                           0.62109                                           0.61389                                           0.60238                                           0.57936
12.861                                            0.62533                                           0.62192                                           0.61707                                           0.60994                                           0.59862                                           0.57626
12.866                                            0.62144                                           0.61803                                           0.61320                                           0.60610                                           0.59492                                           0.57311
12.871                                            0.61822                                           0.61482                                           0.61001                                           0.60296                                           0.59191                                           0.57057
12.876                                            0.61571                                           0.61232                                           0.60753                                           0.60052                                           0.58959                                           0.56869
12.881                                            0.61459                                           0.61119                                           0.60637                                           0.59936                                           0.58849                                           0.56789
12.886                                            0.61501                                           0.61157                                           0.60669                                           0.59962                                           0.58870                                           0.56825
12.891                                            0.61641                                           0.61291                                           0.60796                                           0.60081                                           0.58982                                           0.56949
12.896                                            0.61767                                           0.61413                                           0.60914                                           0.60194                                           0.59095                                           0.57080
12.901                                            0.61738                                           0.61383                                           0.60882                                           0.60160                                           0.59064                                           0.57073
12.906                                            0.61523                                           0.61166                                           0.60663                                           0.59939                                           0.58843                                           0.56869
12.911                                            0.61165                                           0.60807                                           0.60301                                           0.59574                                           0.58475                                           0.56511
12.916                                            0.60769                                           0.60411                                           0.59904                                           0.59176                                           0.58076                                           0.56121
12.921                                            0.60436                                           0.60078                                           0.59571                                           0.58842                                           0.57743                                           0.55799
12.926                                            0.60198                                           0.59838                                           0.59328                                           0.58596                                           0.57497                                           0.55567
12.931                                            0.60050                                           0.59686                                           0.59172                                           0.58436                                           0.57336                                           0.55423
12.936                                            0.59948                                           0.59579                                           0.59061                                           0.58321                                           0.57221                                           0.55325
12.941                                            0.59829                                           0.59457                                           0.58934                                           0.58190                                           0.57089                                           0.55207
12.946                                            0.59665                                           0.59289                                           0.58761                                           0.58012                                           0.56908                                           0.55035
12.951                                            0.59475                                           0.59096                                           0.58563                                           0.57809                                           0.56702                                           0.54836
12.956                                            0.59274                                           0.58892                                           0.58355                                           0.57597                                           0.56487                                           0.54628
12.961                                            0.59089                                           0.58704                                           0.58165                                           0.57404                                           0.56293                                           0.54441
12.966                                            0.58939                                           0.58553                                           0.58012                                           0.57250                                           0.56139                                           0.54298
12.971                                            0.58812                                           0.58425                                           0.57884                                           0.57121                                           0.56011                                           0.54181
12.976                                            0.58692                                           0.58304                                           0.57761                                           0.56998                                           0.55891                                           0.54073
12.981                                            0.58565                                           0.58176                                           0.57632                                           0.56869                                           0.55764                                           0.53961
12.986                                            0.58420                                           0.58030                                           0.57485                                           0.56721                                           0.55620                                           0.53832
12.991                                            0.58246                                           0.57856                                           0.57310                                           0.56547                                           0.55449                                           0.53678
12.996                                            0.58047                                           0.57656                                           0.57110                                           0.56347                                           0.55255                                           0.53501
13.001                                            0.57833                                           0.57442                                           0.56896                                           0.56135                                           0.55048                                           0.53313
13.006                                            0.57604                                           0.57213                                           0.56667                                           0.55908                                           0.54826                                           0.53110
13.011                                            0.57364                                           0.56972                                           0.56427                                           0.55669                                           0.54593                                           0.52896
13.016                                            0.57132                                           0.56739                                           0.56194                                           0.55437                                           0.54365                                           0.52685
13.021                                            0.56896                                           0.56502                                           0.55956                                           0.55199                                           0.54131                                           0.52465
13.026                                            0.56657                                           0.56262                                           0.55714                                           0.54956                                           0.53889                                           0.52235
13.031                                            0.56425                                           0.56028                                           0.55477                                           0.54716                                           0.53650                                           0.52005
13.036                                            0.56193                                           0.55793                                           0.55239                                           0.54475                                           0.53408                                           0.51769
13.041                                            0.55956                                           0.55553                                           0.54995                                           0.54228                                           0.53158                                           0.51525
13.046                                            0.55719                                           0.55313                                           0.54752                                           0.53981                                           0.52909                                           0.51279
13.051                                            0.55485                                           0.55076                                           0.54511                                           0.53737                                           0.52663                                           0.51038
13.056                                            0.55247                                           0.54836                                           0.54268                                           0.53492                                           0.52416                                           0.50795
13.061                                            0.55010                                           0.54597                                           0.54028                                           0.53249                                           0.52173                                           0.50557
13.066                                            0.54786                                           0.54371                                           0.53800                                           0.53019                                           0.51943                                           0.50333
13.071                                            0.54566                                           0.54150                                           0.53577                                           0.52795                                           0.51719                                           0.50116
13.076                                            0.54353                                           0.53935                                           0.53360                                           0.52577                                           0.51503                                           0.49907
13.081                                            0.54157                                           0.53738                                           0.53161                                           0.52378                                           0.51305                                           0.49717
13.086                                            0.53971                                           0.53550                                           0.52972                                           0.52188                                           0.51116                                           0.49536
13.091                                            0.53795                                           0.53373                                           0.52793                                           0.52008                                           0.50938                                           0.49367
13.096                                            0.53631                                           0.53207                                           0.52626                                           0.51841                                           0.50773                                           0.49209
13.101                                            0.53477                                           0.53052                                           0.52471                                           0.51685                                           0.50618                                           0.49063
13.106                                            0.53328                                           0.52902                                           0.52320                                           0.51535                                           0.50471                                           0.48923
13.111                                            0.53181                                           0.52755                                           0.52173                                           0.51387                                           0.50325                                           0.48786
13.116                                            0.53041                                           0.52615                                           0.52032                                           0.51248                                           0.50189                                           0.48659
13.121                                            0.52898                                           0.52471                                           0.51888                                           0.51104                                           0.50048                                           0.48526
13.126                                            0.52751                                           0.52324                                           0.51741                                           0.50958                                           0.49905                                           0.48392
13.131                                            0.52607                                           0.52179                                           0.51597                                           0.50815                                           0.49766                                           0.48263
13.136                                            0.52456                                           0.52028                                           0.51445                                           0.50663                                           0.49615                                           0.48121
13.141                                            0.52301                                           0.51873                                           0.51290                                           0.50510                                           0.49467                                           0.47982
13.146                                            0.52147                                           0.51718                                           0.51135                                           0.50355                                           0.49315                                           0.47838
13.151                                            0.51988                                           0.51559                                           0.50975                                           0.50195                                           0.49156                                           0.47688
13.156                                            0.51829                                           0.51400                                           0.50816                                           0.50040                                           0.49006                                           0.47547
13.161                                            0.51671                                           0.51241                                           0.50656                                           0.49878                                           0.48846                                           0.47394
13.166                                            0.51513                                           0.51083                                           0.50498                                           0.49720                                           0.48690                                           0.47248
13.171                                            0.51362                                           0.50931                                           0.50348                                           0.49574                                           0.48550                                           0.47116
13.176                                            0.51215                                           0.50783                                           0.50197                                           0.49420                                           0.48395                                           0.46968
13.181                                            0.51069                                           0.50637                                           0.50051                                           0.49276                                           0.48255                                           0.46837
13.186                                            0.50937                                           0.50505                                           0.49922                                           0.49151                                           0.48136                                           0.46725
13.191                                            0.50813                                           0.50380                                           0.49792                                           0.49017                                           0.47999                                           0.46594
13.196                                            0.50683                                           0.50250                                           0.49663                                           0.48890                                           0.47876                                           0.46479
13.201                                            0.50572                                           0.50139                                           0.49557                                           0.48790                                           0.47783                                           0.46393
13.206                                            0.50471                                           0.50037                                           0.49450                                           0.48677                                           0.47666                                           0.46281
13.211                                            0.50354                                           0.49920                                           0.49333                                           0.48561                                           0.47555                                           0.46178
13.216                                            0.50253                                           0.49821                                           0.49241                                           0.48479                                           0.47482                                           0.46113
13.221                                            0.50174                                           0.49741                                           0.49156                                           0.48387                                           0.47386                                           0.46022
13.226                                            0.50069                                           0.49634                                           0.49046                                           0.48275                                           0.47275                                           0.45920
13.231                                            0.49964                                           0.49533                                           0.48955                                           0.48198                                           0.47211                                           0.45864
13.236                                            0.49899                                           0.49467                                           0.48888                                           0.48128                                           0.47140                                           0.45800
13.241                                            0.49815                                           0.49379                                           0.48790                                           0.48020                                           0.47029                                           0.45697
13.246                                            0.49696                                           0.49264                                           0.48686                                           0.47931                                           0.46953                                           0.45629
13.251                                            0.49622                                           0.49194                                           0.48623                                           0.47876                                           0.46905                                           0.45590
13.256                                            0.49569                                           0.49135                                           0.48549                                           0.47786                                           0.46809                                           0.45502
13.261                                            0.49453                                           0.49019                                           0.48434                                           0.47675                                           0.46703                                           0.45403
13.266                                            0.49342                                           0.48916                                           0.48350                                           0.47612                                           0.46654                                           0.45362
13.271                                            0.49303                                           0.48875                                           0.48302                                           0.47555                                           0.46595                                           0.45314
13.276                                            0.49237                                           0.48800                                           0.48209                                           0.47446                                           0.46480                                           0.45205
13.281                                            0.49096                                           0.48665                                           0.48090                                           0.47346                                           0.46392                                           0.45118
13.286                                            0.49008                                           0.48585                                           0.48026                                           0.47297                                           0.46353                                           0.45089
13.291                                            0.48996                                           0.48564                                           0.47983                                           0.47232                                           0.46281                                           0.45029
13.296                                            0.48910                                           0.48469                                           0.47876                                           0.47115                                           0.46160                                           0.44907
13.301                                            0.48751                                           0.48321                                           0.47755                                           0.47022                                           0.46079                                           0.44824
13.306                                            0.48684                                           0.48261                                           0.47704                                           0.46978                                           0.46044                                           0.44805
13.311                                            0.48693                                           0.48256                                           0.47666                                           0.46911                                           0.45969                                           0.44744
13.316                                            0.48595                                           0.48150                                           0.47554                                           0.46795                                           0.45847                                           0.44613
13.321                                            0.48414                                           0.47985                                           0.47425                                           0.46699                                           0.45762                                           0.44520
13.326                                            0.48352                                           0.47931                                           0.47376                                           0.46654                                           0.45729                                           0.44512
13.331                                            0.48387                                           0.47947                                           0.47353                                           0.46598                                           0.45667                                           0.44468
13.336                                            0.48298                                           0.47847                                           0.47246                                           0.46487                                           0.45545                                           0.44325
13.341                                            0.48088                                           0.47657                                           0.47098                                           0.46373                                           0.45437                                           0.44202
13.346                                            0.47999                                           0.47580                                           0.47031                                           0.46315                                           0.45397                                           0.44195
13.351                                            0.48059                                           0.47619                                           0.47025                                           0.46276                                           0.45361                                           0.44190
13.356                                            0.48017                                           0.47559                                           0.46949                                           0.46186                                           0.45253                                           0.44057
13.361                                            0.47788                                           0.47352                                           0.46785                                           0.46054                                           0.45114                                           0.43884
13.366                                            0.47625                                           0.47210                                           0.46670                                           0.45960                                           0.45043                                           0.43844
13.371                                            0.47676                                           0.47243                                           0.46663                                           0.45929                                           0.45031                                           0.43888
13.376                                            0.47726                                           0.47264                                           0.46645                                           0.45886                                           0.44973                                           0.43817
13.381                                            0.47542                                           0.47093                                           0.46507                                           0.45763                                           0.44824                                           0.43606
13.386                                            0.47281                                           0.46865                                           0.46329                                           0.45617                                           0.44687                                           0.43472
13.391                                            0.47230                                           0.46811                                           0.46257                                           0.45543                                           0.44653                                           0.43517
13.396                                            0.47353                                           0.46896                                           0.46285                                           0.45541                                           0.44665                                           0.43563
13.401                                            0.47326                                           0.46860                                           0.46248                                           0.45496                                           0.44582                                           0.43412
13.406                                            0.47052                                           0.46623                                           0.46068                                           0.45342                                           0.44395                                           0.43166
13.411                                            0.46811                                           0.46405                                           0.45877                                           0.45172                                           0.44257                                           0.43085
13.416                                            0.46851                                           0.46416                                           0.45839                                           0.45122                                           0.44267                                           0.43197
13.421                                            0.47000                                           0.46528                                           0.45904                                           0.45166                                           0.44312                                           0.43234
13.426                                            0.46926                                           0.46468                                           0.45872                                           0.45133                                           0.44212                                           0.43028
13.431                                            0.46606                                           0.46193                                           0.45662                                           0.44941                                           0.43984                                           0.42752
13.436                                            0.46377                                           0.45972                                           0.45443                                           0.44736                                           0.43836                                           0.42703
13.441                                            0.46452                                           0.46004                                           0.45409                                           0.44699                                           0.43881                                           0.42862
13.446                                            0.46632                                           0.46152                                           0.45524                                           0.44802                                           0.43974                                           0.42923
13.451                                            0.46573                                           0.46122                                           0.45541                                           0.44810                                           0.43887                                           0.42698
13.456                                            0.46247                                           0.45846                                           0.45327                                           0.44600                                           0.43623                                           0.42384
13.461                                            0.45972                                           0.45571                                           0.45040                                           0.44326                                           0.43423                                           0.42302
13.466                                            0.46014                                           0.45556                                           0.44953                                           0.44252                                           0.43466                                           0.42487
13.471                                            0.46228                                           0.45738                                           0.45107                                           0.44407                                           0.43623                                           0.42620
13.476                                            0.46262                                           0.45810                                           0.45233                                           0.44515                                           0.43610                                           0.42449
13.481                                            0.45981                                           0.45589                                           0.45077                                           0.44340                                           0.43340                                           0.42083
13.486                                            0.45627                                           0.45236                                           0.44712                                           0.43981                                           0.43042                                           0.41888
13.491                                            0.45538                                           0.45082                                           0.44480                                           0.43780                                           0.42995                                           0.42027
13.496                                            0.45734                                           0.45227                                           0.44588                                           0.43913                                           0.43189                                           0.42262
13.501                                            0.45910                                           0.45441                                           0.44855                                           0.44164                                           0.43327                                           0.42243
13.506                                            0.45792                                           0.45402                                           0.44890                                           0.44158                                           0.43161                                           0.41910
13.511                                            0.45428                                           0.45063                                           0.44557                                           0.43804                                           0.42790                                           0.41560
